"ProfileCategory","ProfileName_12.x","ProfileName_14.x","ProfileName_trunk"
"Featured Site Profiles","Collaborative_Community_12x","Collaborative_Community_12x","Collaborative_Community_12x"
"Featured Site Profiles","Company_Intranet_12x","Company_Intranet_12x","Company_Intranet_12x"
"Featured Site Profiles","Personal_Blog_and_Profile_12x","Personal_Blog_and_Profile_12x","Personal_Blog_and_Profile_12x"
"Featured Site Profiles","Small_Organization_Web_Presence_12x","Small_Organization_Web_Presence_12x","Small_Organization_Web_Presence_12x"
"Useful Micro Configurations","Collaborative_Community_Wiki_menupage","Collaborative_Community_Wiki_menupage","Collaborative_Community_Wiki_menupage"
"Useful Micro Configurations","Random_header_images","Random_header_images_14","Random_header_images_14"
"Useful Micro Configurations","Multilingual_Wiki_12x","Multilingual_Wiki_12x","Multilingual_Wiki_12x"
"Useful Micro Configurations","Countries_By_Region","Countries_By_Region","Countries_By_Region"
"Useful Changes in Display Mode","Mobile","Mobile","Mobile"
"Useful Changes in Display Mode","Slideshow_demo","Slideshow_demo","Slideshow_demo"
"Useful New Technology Configurations","Together","Together","Together"
"Useful New Technology Configurations","Post-it_Sticky_Note","Post-it_Sticky_Note","Post-it_Sticky_Note"
"Useful Administration Configurations","Debug_Mode_Enabled","Debug_Mode_Enabled","Debug_Mode_Enabled"
"Useful Administration Configurations","Debug_Mode_Disabled","Debug_Mode_Disabled","Debug_Mode_Disabled"
"Demo of Commonly Used Configurations","User_Trackers","User_Trackers","User_Trackers"
"Demo of Commonly Used Configurations","Custom_Contact_Form","Custom_Contact_Form","Custom_Contact_Form"
"Demo of Commonly Used Configurations","Dynamic_items_list","Dynamic_items_list","Dynamic_items_list"
"Demo of Commonly Used Configurations","Sortable Tables","Sortable Tables","Sortable Tables"
"Demo of Interesting Use Cases","Bug_Tracker","Bug_Tracker","Bug_Tracker"
"Demo of Interesting Use Cases","Time_Sheet","Time_Sheet","Time_Sheet"
"Demo of Interesting Use Cases","Tracker_as_Calendar_12 ","Tracker_as_Calendar_12 ","Tracker_as_Calendar_12 "
"Demo of Interesting Use Cases","Voting_System","Voting_System","Voting_System"
"Demo of Other Interesting Use Cases","Structured Master Documents","Structured Master Documents","Structured Master Documents"
"Demo of Other Interesting Use Cases","Consensus Forums","Consensus Forums","Consensus Forums"
"Demo of Other Interesting Use Cases","Barter_Market","Barter_Market","Barter_Market"
"Demo of Other Interesting Use Cases","Revision Approval","Revision Approval","Revision Approval"
"Demo of More Advanced Configurations","Shoping_Cart","Shoping_Cart","Shoping_Cart"
"Demo of More Advanced Configurations","Easy GeoBlog","Easy GeoBlog","Easy GeoBlog"
"Highly Specialized Configurations","Cartograf","Cartograf","Cartograf"
"Highly Specialized Configurations","R_demo","R_demo","R_demo"
"Highly Specialized Configurations","R_Heatmaps","R_Heatmaps","R_Heatmaps"
"Extra","Conditional_Display_in_Forms","Conditional_Display_in_Forms_14","Conditional_Display_in_Forms_14"
